{
  "user_id": 6586411612,
  "username": "Seitneby",
  "phone_number": "+3839390222",
  "phone_history": [
    {
      "old_phone": "+82678299920",
      "new_phone": "+67292928272",
      "changed_at": "2025-11-20T22:54:23.595487"
    },
    {
      "old_phone": "+67292928272",
      "new_phone": "+3839390222",
      "changed_at": "2025-12-23T18:44:15.832533"
    }
  ],
  "referrer_id": null,
  "balance": 1e+160,
  "total_earned": 0.0,
  "referrals_count": 0,
  "referrals": [],
  "is_subscribed": 1,
  "registered_at": "2025-11-20T22:52:29.939551",
  "transactions": [
    {
      "type": "withdraw",
      "amount": 5009.0,
      "method": "Европа (банковский перевод)",
      "phone": "+82678299920",
      "details": "Iqllllw\nJiklwmszn\n7282829#\n\nSuiss",
      "timestamp": "2025-11-20T22:53:59.142364",
      "status": "pending"
    },
    {
      "type": "withdraw",
      "amount": 7929292.0,
      "method": "СНГ (разные методы)",
      "phone": "+67292928272",
      "details": "Jzokmejsue\n\nDjiskemss\nKsiie",
      "timestamp": "2025-11-20T22:54:37.787241",
      "status": "pending"
    },
    {
      "type": "withdraw",
      "amount": 6000.0,
      "method": "Европа (банковский перевод)",
      "phone": "+3839390222",
      "details": "727892962\nСшкдадалдаллас\nАлла\nВлалал",
      "timestamp": "2025-12-23T18:44:56.152593",
      "status": "pending"
    }
  ],
  "pending_withdraw": null
}