[
    {
        "id": 1,
        "name": "Storage Bot",
        "path": "/storage/emulated/0/Download/pyComad/Telegram-Storage/piece2.py",
        "description": "Бот для хранения файлов",
        "enabled": true,
        "auto_start": true
    },
    {
        "id": 2,
        "name": "Search Person Bot",
        "path": "/storage/emulated/0/Download/pyComad/Telegram-SearchPerson/Telegram-SearchPerson4900000.py",
        "description": "Поиск людей в Telegram",
        "enabled": true,
        "auto_start": true
    },
    {
        "id": 3,
        "name": "ID Telegram Bot",
        "path": "/storage/emulated/0/Download/pyComad/telegram-Id-telegram/typ.py",
        "description": "Получение ID пользователей",
        "enabled": true,
        "auto_start": false
    },
    {
        "id": 4,
        "name": "GPT Download Bot",
        "path": "/storage/emulated/0/Download/pyComad/Telegram-GptDowland/bot2.py",
        "description": "Загрузка контента GPT",
        "enabled": true,
        "auto_start": true
    },
    {
        "id": 5,
        "name": "GPT Premium Bot",
        "path": "/storage/emulated/0/Download/pyComad/Telegram-GptBuyPremium/Telegram-Py.py",
        "description": "Покупка премиум GPT",
        "enabled": true,
        "auto_start": true
    },
    {
        "id": 6,
        "name": "Dolgi Bot",
        "path": "/storage/emulated/0/Download/pyComad/Telegram-DolgiBot/bot.py",
        "description": "Бот для учета долгов",
        "enabled": true,
        "auto_start": true
    },
    {
        "id": 7,
        "name": "Chity Bot",
        "path": "/storage/emulated/0/Download/pyComad/Telegram-ChityBot/bot.py",
        "description": "Бот для читов",
        "enabled": true,
        "auto_start": true
    },
    {
        "id": 8,
        "name": "Bitz AI Bot",
        "path": "/storage/emulated/0/Download/pyComad/Telegram-BitzAI/py2.py",
        "description": "AI бот Bitz",
        "enabled": true,
        "auto_start": true
    },
    {
        "id": 9,
        "name": "Telegram-ITprogmramer",
        "path": "/storage/emulated/0/Download/pyComad/Telegram-ITprogmramer/Telegram-ITprogmramer.py",
        "description": "",
        "enabled": true,
        "auto_start": true
    },
    {
        "id": 10,
        "name": "Telegram-ChityMoreGame",
        "path": "/storage/emulated/0/Download/pyComad/Telegram-ChityMoreForgame/yu2.py",
        "description": "",
        "enabled": true,
        "auto_start": true
    },
    {
        "id": 11,
        "name": "Telegram-EditSizeVideoOrPhoto",
        "path": "/storage/emulated/0/Download/pyComad/Telegram-EditSizeVideoOrPhoto/teos.py",
        "description": "",
        "enabled": true,
        "auto_start": false
    },
    {
        "id": 12,
        "name": "Telegram-SellStarsVersion-2",
        "path": "/storage/emulated/0/Download/pyComad/Telegram-SellStarsVersion2/tioa.py",
        "description": "",
        "enabled": true,
        "auto_start": true
    },
    {
        "id": 13,
        "name": "Telegram-SellStarsVersion-1",
        "path": "/storage/emulated/0/Download/pyComad/Telegram-SellStarsVersion1/tioa.py",
        "description": "",
        "enabled": true,
        "auto_start": true
    },
    {
        "id": 14,
        "name": "Telegram-FreelanceStrat-2",
        "path": "/storage/emulated/0/Download/pyComad/Telegram-FreelanceStrat-2/tioa.py",
        "description": "",
        "enabled": true,
        "auto_start": true
    },
    {
        "id": 15,
        "name": "Telegram-FreelanceStrat-1",
        "path": "/storage/emulated/0/Download/pyComad/Telegram-FreelanceStrat-1/tioa.py",
        "description": "",
        "enabled": true,
        "auto_start": true
    }
]