{
  "custom_buttons": {},
  "help_buttons": [],
  "users": [
    6586411612,
    8550701850
  ],
  "stars_settings": {
    "rate_per_star": 0.15,
    "min_stars": 100,
    "max_stars": 10000,
    "sell_request_text": "Успешно ✅",
    "sell_request_photo": "",
    "success_text": "Успешно ✅",
    "success_photo": "AgACAgIAAxkBAAIBSGlUUL1bkC186kJns2kQuIuKAAEImQAC0g1rG1NRoUqoC31o_ZRFNAEAAwIAA3gAAzgE",
    "cancel_text": "❌ <b>Операция отменена</b>\n\nВы отменили продажу звёзд.\nМожете начать заново в любой момент.",
    "cancel_photo": "",
    "enabled": true,
    "payment_title": "Продажа Telegram Stars",
    "payment_description": "Отправка звёзд для обмена на рубли",
    "currency": "EUR"
  },
  "stars_transactions": []
}