{
  "delta": [],
  "standoff": [
    {
      "name": "Hugop",
      "description": "👋 Что нового в модификации Hugop 🟢📲\n\n– Подвижность меню\n– Размер меню\n– Color Esp\n– Color Aim\n– Color Sky\n– Spin Bot [ крутилка ]\n– Fov Character\n– Fov Weapons\n– Fix Departures\n– Fix Skinchanger [ есть все скины ]\nЦена - 4$ очень дёшево ‼️ пока скидка",
      "photo": "AgACAgIAAxkBAANuaUvgHQq7oF3pYsTHBsKve2f4YDYAAgURaxuVslhKBeRxNzmt5BcBAAMCAAN4AAM2BA",
      "video": null,
      "button_text": "КУПИТЬ 🪙",
      "button_url": "http://t.me/send?start=IVRMNm03RP0T"
    }
  ],
  "pubg": []
}